TaxonName,TaxonCode
Achnanthes aapajaervensis,Achaa01
Achnanthes affinis,Achaf01
Achnanthes amphicephala,Acham01
Achnanthes atomus,Achat01
Achnanthes biasolettiana,Achbi01
Achnanthes bioretii,Achbi02
Achnanthes brevipes,Achbr01
Achnanthes carissima,Achca01
Achnanthes catenata,Achca02
Achnanthes chlidanos,Achch01
Achnanthes clevei,Achcl01
Achnanthes coarctata,Achco01
Achnanthes conspicua,Achco02
Achnanthes convergens,Achco03
Achnanthes crassa,Achcr01
Achnanthes cyclophora,Achcy01
Achnanthes daonensis,Achda01
Achnanthes daui,Achda02
Achnanthes deflexa,Achde01
Achnanthes didyma,Achdi01
Achnanthes distincta,Achdi02
Achnanthes elliptica,Achel01
Achnanthes engelbrechtii,Achen01
Achnanthes eutrophila,Acheu01
Achnanthes exigua,Achex01
Achnanthes exilis,Achex02
Achnanthes expressa,Achex03
Achnanthes flexella,Achfl01
Achnanthes frigida,Achfr01
Achnanthes fugei,Achfu01
Achnanthes gessneri,Achge01
Achnanthes gracillima,Achgr01
Achnanthes grana,Achgr02
Achnanthes grischuna,Achgr03
Achnanthes hauckiana,Achha01
Achnanthes helvetica,Achhe01
Achnanthes hintzii,Achhi01
Achnanthes holsatica,Achho01
Achnanthes holstii,Achho02
Achnanthes imperfecta,Achim01
Achnanthes impexa,Achim02
Achnanthes impexiformis,Achim03
Achnanthes inflata,Achin01
Achnanthes intermedia,Achin02
Achnanthes japonica,Achja01
Achnanthes joursacense,Achjo01
Achnanthes kolbei,Achko01
Achnanthes kraeuselii,Achkr01
Achnanthes kranzii,Achkr02
Achnanthes krasskei,Achkr03
Achnanthes kryophila,Achkr04
Achnanthes kuelbsii,Achku01
Achnanthes laevis,Achla01
Achnanthes lanceolata,Achla02
Achnanthes laterostrata,Achla03
Achnanthes lauenburgiana,Achla04
Achnanthes lemmermannii,Achle01
Achnanthes levanderi,Achle02
Achnanthes linearioides,Achli01
Achnanthes linearis,Achli02
Achnanthes longipes,Achlo01
Achnanthes lutheri,Achlu01
Achnanthes marginulata,Achma01
Achnanthes minuscula,Achmi01
Achnanthes minutissima,Achmi02
Achnanthes montana,Achmo01
Achnanthes nana,Achna01
Achnanthes nitidiformis,Achni01
Achnanthes nodosa,Achno01
Achnanthes oblongella,Achob01
Achnanthes parvula,Achpa01
Achnanthes pericava,Achpe01
Achnanthes petersenii,Achpe02
Achnanthes ploenensis,Achpl01
Achnanthes procera,Achpr01
Achnanthes promunturii,Achpr02
Achnanthes pseudolinearis,Achps01
Achnanthes pseudoswazi,Achps02
Achnanthes pseudotanensis,Achps03
Achnanthes pusilla,Achpu01
Achnanthes pyrenaica,Achpy01
Achnanthes rechtensis,Achre01
Achnanthes rosenstockii,Achro01
Achnanthes rossii,Achro02
Achnanthes rostrata,Achro03
Achnanthes rupestoides,Achru01
Achnanthes rupestris,Achru02
Achnanthes saxonica,Achsa01
Achnanthes scotica,Achsc01
Achnanthes secretitaeniata,Achse01
Achnanthes semiaperta,Achse02
Achnanthes stewartii,Achst01
Achnanthes stolida,Achst02
Achnanthes straubiana,Achst03
Achnanthes subatomus,Achsu01
Achnanthes subexigua,Achsu02
Achnanthes subhudsonis,Achsu03
Achnanthes sublaevis,Achsu04
Achnanthes subsalsa,Achsu05
Achnanthes suchlandtii,Achsu06
Achnanthes thienemannii,Achth01
Achnanthes trinodis,Achtr01
Achnanthes tuma,Achtu01
Achnanthes ziegleri,Achzi01
Achnanthidium acsiae,Achac01
Achnanthidium affine,Achaf02
Achnanthidium alteragracillimum,Achal01
Achnanthidium anastasiae,Achan01
Achnanthidium atomoides,Achat02
Achnanthidium atomus,Achat03
Achnanthidium barbei,Achba01
Achnanthidium caledonicum,Achca03
Achnanthidium caravelense,Achca04
Achnanthidium costei,Achco04
Achnanthidium delicatulum,Achde02
Achnanthidium delmontii,Achde03
Achnanthidium druartii,Achdr01
Achnanthidium hoffmannii,Achho03
Achnanthidium hungaricum,Achhu01
Achnanthidium jackii,Achja02
Achnanthidium lanceolatum,Achla05
Achnanthidium latecephalum,Achla06
Achnanthidium lineare,Achli03
Achnanthidium linearioide,Achli04
Achnanthidium lusitanicum,Achlu02
Achnanthidium microcephalum,Achmi03
Achnanthidium modestiforme,Achmo02
Achnanthidium nanum,Achna02
Achnanthidium neomicrocephalum,Achne01
Achnanthidium pfisteri,Achpf01
Achnanthidium polonicum,Achpo01
Achnanthidium pseudolineare,Achps04
Achnanthidium rivulare,Achri01
Achnanthidium rostropyrenaicum,Achro04
Achnanthidium sieminskae,Achsi01
Achnanthidium strictum,Achst04
Achnanthidium sublineare,Achsu07
Achnanthidium temniskovae,Achte01
Achnanthidium trinode,Achtr02
Achnanthidium tropicocatenatum,Achtr03
Achnanthidium zhakovschikovii,Achzh01
Actinella robusta,Actro01
Actinocyclus determinatus,Actde01
Actinocyclus normanii,Actno01
Actinocyclus senarius,Actse01
Actinocyclus subtilis,Actsu01
Actinoptychus splendens,Actsp01
Actinoptychus vulgaris,Actvu01
Adlafia aquaeductae,Adlaq01
Adlafia baicalensis,Adlba01
Adlafia brockmannii,Adlbr01
Adlafia bryophila,Adlbr02
Adlafia minuscula,Adlmi01
Adlafia multnomahii,Adlmu01
Adlafia muscora,Adlmu02
Adlafia parabryophila,Adlpa01
Adlafia suchlandtii,Adlsu01
Afrocymbella reichardtii,Afrre01
Amphicocconeis discrepans,Ampdi01
Amphipleura pellucida,Amppe01
Amphiprora paludosa,Amppa01
Amphora aequalis,Ampae01
Amphora affinis,Ampaf01
Amphora alpestris,Ampal01
Amphora atomus,Ampat01
Amphora biggibosa,Ampbi01
Amphora bullatoides,Ampbu01
Amphora coffeaeformis,Ampco01
Amphora delphinea,Ampde01
Amphora dissimilis,Ampdi02
Amphora dusenii,Ampdu01
Amphora eileencoxiae,Ampei01
Amphora eximia,Ampex01
Amphora fogediana,Ampfo01
Amphora fontinalis,Ampfo02
Amphora helenensis,Amphe01
Amphora hiromuii,Amphi01
Amphora inariensis,Ampin01
Amphora indistincta,Ampin02
Amphora libyca,Ampli01
Amphora macedoniensis,Ampma01
Amphora meridionalis,Ampme01
Amphora micra,Ampmi01
Amphora minutissima,Ampmi02
Amphora montana,Ampmo01
Amphora neglecta,Ampne01
Amphora neglectiformis,Ampne02
Amphora normanii,Ampno01
Amphora oligotraphenta,Ampol01
Amphora ovalis,Ampov01
Amphora pediculus,Amppe02
Amphora polita,Amppo01
Amphora polonica,Amppo02
Amphora proteus,Amppr01
Amphora pseudominutissima,Ampps01
Amphora ridicula,Ampri01
Amphora stechlinensis,Ampst01
Amphora strigosa,Ampst02
Amphora subacutiuscula,Ampsu01
Amphora subatomus,Ampsu02
Amphora submontana,Ampsu03
Amphora subturgida,Ampsu04
Amphora tumida,Amptu01
Amphora veneta,Ampve01
Amphora vetula,Ampve02
Amphora vitrea,Ampvi01
Amphorotia curvata,Ampcu01
Anaulus balticus,Anaba01
Aneumastus minor,Anemi01
Aneumastus tusculus,Anetu01
Anomoeoneis garrensis,Anoga01
Anomoeoneis intermedia,Anoin01
Anomoeoneis sphaerophora,Anosp01
Anorthoneis eurystoma,Anoeu01
Asterionella formosa,Astfo01
Aulacoseira alpigena,Aulal01
Aulacoseira ambigua,Aulam01
Aulacoseira brasiliensis,Aulbr01
Aulacoseira crassipunctata,Aulcr01
Aulacoseira crenulata,Aulcr02
Aulacoseira distans,Auldi01
Aulacoseira granulata,Aulgr01
Aulacoseira islandica,Aulis01
Aulacoseira italica,Aulit01
Aulacoseira lirata,Aulli01
Aulacoseira nivalis,Aulni01
Aulacoseira pardata,Aulpa01
Aulacoseira pseudodistans,Aulps01
Aulacoseira pseudomuzzanensis,Aulps02
Aulacoseira subarctica,Aulsu01
Aulacoseira subborealis,Aulsu02
Aulacoseira tethera,Aulte01
Aulacoseira valida,Aulva01
Azpeitia nodulifera,Azpno01
Bacillaria cistula,Bacci01
Bacillaria paxillifera,Bacpa01
Bacillaria ulna,Bacul01
Berkeleya rutilans,Berru01
Biblarium leptostauron,Bible01
Biremis bicontracta,Birbi01
Brachysira brebissonii,Brabr01
Brachysira calcicola,Braca01
Brachysira liliana,Brali01
Brachysira neglectissima,Brane01
Brachysira neoexilis,Brane02
Brachysira procera,Brapr01
Brachysira pseudoexilis,Braps01
Brevilinea kevei,Breke01
Caloneis aemula,Calae01
Caloneis aerophila,Calae02
Caloneis alpestris,Calal01
Caloneis austrogeorgica,Calau01
Caloneis bacillum,Calba01
Caloneis biconstrictoides,Calbi01
Caloneis falcifera,Calfa01
Caloneis fontinalis,Calfo01
Caloneis fossilis,Calfo02
Caloneis hyalina,Calhy01
Caloneis lagerstedtii,Calla01
Caloneis lamella,Calla02
Caloneis lauta,Calla03
Caloneis lewisii,Calle01
Caloneis minuscula,Calmi01
Caloneis patagonica,Calpa01
Caloneis pulchra,Calpu01
Caloneis schumanniana,Calsc01
Caloneis silicula,Calsi01
Caloneis truncata,Caltr01
Caloneis ventricosa,Calve01
Caloneis westii,Calwe01
Campylodiscus hibernicus,Camhi01
Campylosira cymbelliformis,Camcy01
Capartogramma crucicula,Capcr01
Catenula adhaerens,Catad01
Cavinula patagonica,Cavpa01
Centronella reichelti,Cenre01
Ceratoneis gracilis,Cergr01
Chamaepinnularia aliena,Chaal01
Chamaepinnularia begeri,Chabe01
Chamaepinnularia falkiae,Chafa01
Chamaepinnularia muscicola,Chamu01
Chamaepinnularia rexii,Chare01
Chamaepinnularia rhombelliptica,Charh01
Chamaepinnularia schauppiana,Chasc01
Chamaepinnularia thermophila,Chath01
Climaconeis coxiae,Clico01
Climaconeis inflexa,Cliin01
Cocconeis brevicostata,Cocbr01
Cocconeis carminata,Cocca01
Cocconeis clandestina,Coccl01
Cocconeis costata,Cocco01
Cocconeis deperdita,Cocde01
Cocconeis disculus,Cocdi01
Cocconeis distans,Cocdi02
Cocconeis euglypta,Coceu01
Cocconeis hustedtii,Cochu01
Cocconeis intermedia,Cocin01
Cocconeis latecostata,Cocla01
Cocconeis lineata,Cocli01
Cocconeis neocaledonica,Cocne01
Cocconeis neodiminuta,Cocne02
Cocconeis neothumensis,Cocne03
Cocconeis pediculus,Cocpe01
Cocconeis placentula,Cocpl01
Cocconeis pseudograta,Cocps01
Cocconeis pseudothumensis,Cocps02
Cocconeis regalis,Cocre01
Cocconeis rouxii,Cocro01
Cocconeis scutellum,Cocsc01
Cocconeis semiaperta,Cocse01
Cocconeis superba,Cocsu01
Cocconema gracile,Cocgr01
Cocconema hungaricum,Cochu02
Cocconema leptoceros,Cocle01
Cocconema mexicanum,Cocme01
Cocconema parvum,Cocpa01
Conticribra weissflogii,Conwe01
Coscinodiscus cocconeiformis,Cosco01
Coscinodiscus lacunosus,Cosla01
Coscinodiscus lacustris,Cosla02
Craticula accomodiformis,Craac01
Craticula acidoclinata,Craac02
Craticula halopannonica,Craha01
Craticula riparia,Crari01
Craticula subminuscula,Crasu01
Craticula sverirschopkae,Crasv01
Craticula vixnegligenda,Cravi01
Craticula zizix,Crazi01
Crenotia rumrichorum,Creru01
Crenotia thermalis,Creth01
Ctenophora pulchella,Ctepu01
Cyclostephanos tholiformis,Cycth01
Cyclotella atomus,Cycat01
Cyclotella bodanica,Cycbo01
Cyclotella comta,Cycco01
Cyclotella cyclopuncta,Cyccy01
Cyclotella delicatissima,Cycde01
Cyclotella delicatula,Cycde02
Cyclotella distinguenda,Cycdi01
Cyclotella dubia,Cycdu01
Cyclotella exigua,Cycex01
Cyclotella glomerata,Cycgl01
Cyclotella iris,Cycir01
Cyclotella krammeri,Cyckr01
Cyclotella kuetzingiana,Cycku01
Cyclotella meduanae,Cycme01
Cyclotella meneghiniana,Cycme02
Cyclotella minutula,Cycmi01
Cyclotella operculata,Cycop01
Cyclotella planctonica,Cycpl01
Cyclotella plitvicensis,Cycpl02
Cyclotella pseudostelligera,Cycps01
Cyclotella scaldensis,Cycsc01
Cyclotella schumannii,Cycsc02
Cyclotella stelligera,Cycst01
Cyclotella stelligeroides,Cycst02
Cyclotella striata,Cycst03
Cyclotella stylorum,Cycst04
Cyclotella subsalina,Cycsu01
Cyclotella woltereckii,Cycwo01
Cylindrotheca gracilis,Cylgr01
Cymatopleura angulata,Cyman01
Cymatopleura apiculata,Cymap01
Cymatopleura brunii,Cymbr01
Cymatopleura elliptica,Cymel01
Cymatopleura solea,Cymso01
Cymatosira belgica,Cymbe01
Cymbella affiniformis,Cymaf01
Cymbella affinis,Cymaf02
Cymbella alpestris,Cymal01
Cymbella alpina,Cymal02
Cymbella amphicephala,Cymam01
Cymbella ancyli,Cyman02
Cymbella aspera,Cymas01
Cymbella bipartita,Cymbi01
Cymbella budayana,Cymbu01
Cymbella citrus,Cymci01
Cymbella compacta,Cymco01
Cymbella cuspidata,Cymcu01
Cymbella cymbiformis,Cymcy01
Cymbella dorsenotata,Cymdo01
Cymbella ehrenbergii,Cymeh01
Cymbella excisa,Cymex01
Cymbella excisiformis,Cymex02
Cymbella exigua,Cymex03
Cymbella flexella,Cymfl01
Cymbella gaeumannii,Cymga01
Cymbella helvetica,Cymhe01
Cymbella hercynica,Cymhe02
Cymbella hustedtii,Cymhu01
Cymbella incerta,Cymin01
Cymbella kamtschatica,Cymka01
Cymbella kolbei,Cymko01
Cymbella laevis,Cymla01
Cymbella lapponica,Cymla02
Cymbella latens,Cymla03
Cymbella lunata,Cymlu01
Cymbella maggiana,Cymma01
Cymbella mesiana,Cymme01
Cymbella mexicana,Cymme02
Cymbella minuta,Cymmi01
Cymbella naviculiformis,Cymna01
Cymbella neocistula,Cymne01
Cymbella neolanceolata,Cymne02
Cymbella neoleptoceros,Cymne03
Cymbella obtusa,Cymob01
Cymbella paucistriata,Cympa01
Cymbella perparva,Cympe01
Cymbella perpusilla,Cympe02
Cymbella plena,Cympl01
Cymbella problematica,Cympr01
Cymbella procera,Cympr02
Cymbella proxima,Cympr03
Cymbella pusilla,Cympu01
Cymbella reichardtii,Cymre01
Cymbella rupicola,Cymru01
Cymbella silesiaca,Cymsi01
Cymbella simonsenii,Cymsi02
Cymbella sinuata,Cymsi03
Cymbella spuria,Cymsp01
Cymbella stigmaphora,Cymst01
Cymbella subaequalis,Cymsu01
Cymbella subalpina,Cymsu02
Cymbella subcistula,Cymsu03
Cymbella subcuspidata,Cymsu04
Cymbella subhelvetica,Cymsu05
Cymbella subleptoceros,Cymsu06
Cymbella subtruncata,Cymsu07
Cymbella subturgidula,Cymsu08
Cymbella tridentina,Cymtr01
Cymbella tropica,Cymtr02
Cymbella tumida,Cymtu01
Cymbella tumidula,Cymtu02
Cymbella turgidula,Cymtu03
Cymbella turgiduliformis,Cymtu04
Cymbella ventricosa,Cymve01
Cymbella vulgata,Cymvu01
Cymbellonitzschia diluviana,Cymdi01
Cymbopleura anglica,Cyman03
Cymbopleura angustata,Cyman04
Cymbopleura elliptica,Cymel02
Cymbopleura frequens,Cymfr01
Cymbopleura inaequaliformis,Cymin02
Cymbopleura incertiformis,Cymin03
Cymbopleura kuelbsii,Cymku01
Cymbopleura naviculiformis,Cymna02
Cymbopleura oblongata,Cymob02
Cymbopleura rhomboidea,Cymrh01
Cymbopleura subaequalis,Cymsu09
Delicata costei,Delco01
Delicata delicatula,Delde01
Delicata krammeri,Delkr01
Delicata verenae,Delve01
Delicatophycus alpestris,Delal01
Delicatophycus apiculatus,Delap01
Delicatophycus delicatulus,Delde02
Denticula erifuga,Dener01
Denticula frigida,Denfr01
Denticula kuetzingii,Denku01
Denticula parva,Denpa01
Denticula seminae,Dense01
Denticula subtilis,Densu01
Denticula sundaysensis,Densu02
Denticula tabellaria,Denta01
Denticula tenuis,Dente01
Diadesmis biceps,Diabi01
Diadesmis confervacea,Diaco01
Diadesmis gallica,Diaga01
Diadesmis paracontenta,Diapa01
Diadesmis pyrenaica,Diapy01
Diadesmis virginiana,Diavi01
Diatoma densicostata,Diade01
Diatoma ehrenbergii,Diaeh01
Diatoma hyemale,Diahy01
Diatoma mesodon,Diame01
Diatoma moniliformis,Diamo01
Diatoma problematica,Diapr01
Diatoma tenue,Diate01
Diatoma tenuis,Diate02
Diatoma vulgaris,Diavu01
Dickieia danseii,Dicda01
Didymosphenia geminata,Didge01
Dimeregramma nanum,Dimna01
Diploneis abscondita,Dipab01
Diploneis aestuari,Dipae01
Diploneis boldtiana,Dipbo01
Diploneis bombus,Dipbo02
Diploneis burgitensis,Dipbu01
Diploneis calcicolafrequens,Dipca01
Diploneis calcilacustris,Dipca02
Diploneis decipiens,Dipde01
Diploneis elliptica,Dipel01
Diploneis fontanella,Dipfo01
Diploneis fontium,Dipfo02
Diploneis hinziae,Diphi01
Diploneis krammeri,Dipkr01
Diploneis marginestriata,Dipma01
Diploneis minuta,Dipmi01
Diploneis modica,Dipmo01
Diploneis oblongellopsis,Dipob01
Diploneis papula,Dippa01
Diploneis parma,Dippa02
Diploneis petersenii,Dippe01
Diploneis praetermissa,Dippr01
Diploneis pseudovalis,Dipps01
Diploneis pulchra,Dippu01
Diploneis separanda,Dipse01
Diploneis stroemi,Dipst01
Diploneis subovalis,Dipsu01
Diploneis tirolensis,Dipti01
Discostella stelligera,Disst01
Distrionella incognita,Disin01
Dorofeyukea kotschyi,Dorko01
Encyonema affine,Encaf01
Encyonema alpinum,Encal01
Encyonema auerswaldii,Encau01
Encyonema bonapartei,Encbo01
Encyonema brevicapitatum,Encbr01
Encyonema caespitosum,Encca01
Encyonema elginense,Encel01
Encyonema fogedii,Encfo01
Encyonema geisslerae,Encge01
Encyonema gracile,Encgr01
Encyonema hebridicum,Enche01
Encyonema incurvatum,Encin01
Encyonema lancettulum,Encla01
Encyonema lunatum,Enclu01
Encyonema menisculus,Encme01
Encyonema microrobustum,Encmi01
Encyonema minutiforme,Encmi02
Encyonema neogracile,Encne01
Encyonema neomesianum,Encne02
Encyonema norvegicum,Encno01
Encyonema obscurum,Encob01
Encyonema pankowii,Encpa01
Encyonema perminutum,Encpe01
Encyonema procerum,Encpr01
Encyonema prostratrum,Encpr02
Encyonema rostratum,Encro01
Encyonema silesiacum,Encsi01
Encyonema simile,Encsi02
Encyonema subminutum,Encsu01
Encyonema supergracile,Encsu02
Encyonema vulgare,Encvu01
Encyonopsis aequalis,Encae01
Encyonopsis alpina,Encal02
Encyonopsis blanchensis,Encbl01
Encyonopsis cesatii,Encce01
Encyonopsis falaisensis,Encfa01
Encyonopsis fonticola,Encfo02
Encyonopsis horticola,Encho01
Encyonopsis hustedtii,Enchu01
Encyonopsis krammeri,Enckr01
Encyonopsis krasskei,Enckr02
Encyonopsis lanceola,Encla02
Encyonopsis microcephala,Encmi03
Encyonopsis minuta,Encmi04
Encyonopsis muscicola,Encmu01
Encyonopsis neoamphioxys,Encne03
Encyonopsis recta,Encre01
Encyonopsis reichardtii,Encre02
Encyonopsis robusta,Encro02
Encyonopsis speciosa,Encsp01
Encyonopsis subminuta,Encsu03
Encyonopsis symmetrica,Encsy01
Encyonopsis tavirana,Encta01
Encyonopsis thumensis,Encth01
Encyonopsis vandamii,Encva01
Entomoneis ornata,Entor01
Entomoneis paludosa,Entpa01
Eolimna archibaldii,Eolar01
Eolimna becaresii,Eolbe01
Eolimna chistiakovae,Eolch01
Eolimna comperei,Eolco01
Eolimna crassulexigua,Eolcr01
Eolimna inconspicua,Eolin01
Eolimna rhombelliptica,Eolrh01
Epithemia frickei,Epifr01
Epithemia goeppertiana,Epigo01
Epithemia intermedia,Epiin01
Epithemia operculata,Epiop01
Epithemia parallela,Epipa01
Epithemia reicheltii,Epire01
Epithemia rupestris,Epiru01
Epithemia smithii,Epism01
Epithemia sorex,Episo01
Epithemia turgida,Epitu01
Ethmodiscus punctiger,Ethpu01
Eucocconeis alpestris,Eucal01
Eucocconeis austriaca,Eucau01
Eucocconeis diluviana,Eucdi01
Eucocconeis laevis,Eucla01
Eunotia ambivalens,Eunam01
Eunotia arcubus,Eunar01
Eunotia arculus,Eunar02
Eunotia arcus,Eunar03
Eunotia argus,Eunar04
Eunotia auriculata,Eunau01
Eunotia bertrandii,Eunbe01
Eunotia biconstricta,Eunbi01
Eunotia bidens,Eunbi02
Eunotia bidentula,Eunbi03
Eunotia bigibba,Eunbi04
Eunotia bilunaris,Eunbi05
Eunotia boreoalpina,Eunbo01
Eunotia boreotenuis,Eunbo02
Eunotia botuliformis,Eunbo03
Eunotia chelonia,Eunch01
Eunotia circumborealis,Eunci01
Eunotia cisalpina,Eunci02
Eunotia cistula,Eunci03
Eunotia curtagrunowii,Euncu01
Eunotia denticulata,Eunde01
Eunotia diadema,Eundi01
Eunotia diodon,Eundi02
Eunotia dorofeyukiae,Eundo01
Eunotia elegans,Eunel01
Eunotia enigmatica,Eunen01
Eunotia fallax,Eunfa01
Eunotia flexuosa,Eunfl01
Eunotia formica,Eunfo01
Eunotia formicina,Eunfo02
Eunotia genuflexa,Eunge01
Eunotia gibbosa,Eungi01
Eunotia glacialis,Eungl01
Eunotia glacialispinosa,Eungl02
Eunotia granulata,Eungr01
Eunotia implicata,Eunim01
Eunotia incisa,Eunin01
Eunotia intermedia,Eunin02
Eunotia islandica,Eunis01
Eunotia kruegeri,Eunkr01
Eunotia lapponica,Eunla01
Eunotia meisteri,Eunme01
Eunotia meisterioides,Eunme02
Eunotia metamonodon,Eunme03
Eunotia microcephala,Eunmi01
Eunotia minutissima,Eunmi02
Eunotia monodon,Eunmo01
Eunotia muscicola,Eunmu01
Eunotia myrmica,Eunmy01
Eunotia naegelii,Eunna01
Eunotia neocaledonia,Eunne01
Eunotia neocompacta,Eunne02
Eunotia nymanniana,Eunny01
Eunotia ocellata,Eunoc01
Eunotia orthohedra,Eunor01
Eunotia palatina,Eunpa01
Eunotia paludosa,Eunpa02
Eunotia parallela,Eunpa03
Eunotia parapraerupta,Eunpa04
Eunotia paratridentula,Eunpa05
Eunotia pectinalis,Eunpe01
Eunotia perpusilla,Eunpe02
Eunotia pexii,Eunpe03
Eunotia praerupta,Eunpr01
Eunotia pseudogroenlandica,Eunps01
Eunotia pseudopaludosa,Eunps02
Eunotia rhomboidea,Eunrh01
Eunotia seminulum,Eunse01
Eunotia septentrionalis,Eunse02
Eunotia serra,Eunse03
Eunotia silvahercynia,Eunsi01
Eunotia soleri,Eunso01
Eunotia steineckei,Eunst01
Eunotia subantarctica,Eunsu01
Eunotia subarcuatoides,Eunsu02
Eunotia subrobusta,Eunsu03
Eunotia sudetica,Eunsu04
Eunotia tapacumopsis,Eunta01
Eunotia tenella,Eunte01
Eunotia tetraodon,Eunte02
Eunotia thumii,Eunth01
Eunotia tridentula,Euntr01
Eunotia trinacria,Euntr02
Eunotia ursamaioris,Eunur01
Eunotia valida,Eunva01
Eunotia varioundulata,Eunva02
Eunotia yberai,Eunyb01
Eunotioforma genuflexa,Eunge02
Eunotogramma laevis,Eunla02
Exilaria pulchella,Exipu01
Exilaria vaucheriae,Exiva01
Fallacia clepsidroides,Falcl01
Fallacia crassicostata,Falcr01
Fallacia omissa,Falom01
Fallacia pygmaea,Falpy01
Fragilaria acidoclinata,Fraac01
Fragilaria acus,Fraac02
Fragilaria acuta,Fraac03
Fragilaria aequalis,Fraae01
Fragilaria alpestris,Fraal01
Fragilaria amphicephala,Fraam01
Fragilaria amphicephaloides,Fraam02
Fragilaria anceps,Fraan01
Fragilaria aquaplus,Fraaq01
Fragilaria atomus,Fraat01
Fragilaria austriaca,Fraau01
Fragilaria bicapitata,Frabi01
Fragilaria biceps,Frabi02
Fragilaria bidens,Frabi03
Fragilaria binodis,Frabi04
Fragilaria bipunctata,Frabi05
Fragilaria boreomongolica,Frabo01
Fragilaria brevistriata,Frabr01
Fragilaria canariensis,Fraca01
Fragilaria candidagilae,Fraca02
Fragilaria capitellata,Fraca03
Fragilaria capucina,Fraca04
Fragilaria cassubica,Fraca05
Fragilaria construens,Fraco01
Fragilaria crotonensis,Fracr01
Fragilaria deformis,Frade01
Fragilaria delicatissima,Frade02
Fragilaria distans,Fradi01
Fragilaria elliptica,Frael01
Fragilaria exiguiformis,Fraex01
Fragilaria fonticola,Frafo01
Fragilaria fragilarioides,Frafr01
Fragilaria geocollegarum,Frage01
Fragilaria gessneri,Frage02
Fragilaria gracilis,Fragr01
Fragilaria grunowii,Fragr02
Fragilaria harrisonii,Fraha01
Fragilaria henryi,Frahe01
Fragilaria incognita,Frain01
Fragilaria inflata,Frain02
Fragilaria karstenii,Fraka01
Fragilaria laevissima,Frala01
Fragilaria lancettula,Frala02
Fragilaria lapponica,Frala03
Fragilaria leptostauron,Frale01
Fragilaria longifusiformis,Fralo01
Fragilaria mesodon,Frame01
Fragilaria mesolepta,Frame02
Fragilaria microcephala,Frami01
Fragilaria microstriata,Frami02
Fragilaria microvaucheriae,Frami03
Fragilaria miniscula,Frami04
Fragilaria mutabilis,Framu01
Fragilaria nanana,Frana01
Fragilaria nanoides,Frana02
Fragilaria neoelliptica,Frane01
Fragilaria neointermedia,Frane02
Fragilaria neoproducta,Frane03
Fragilaria nevadensis,Frane04
Fragilaria oldenburgiana,Fraol01
Fragilaria ostenfeldii,Fraos01
Fragilaria pararumpens,Frapa01
Fragilaria parasitica,Frapa02
Fragilaria parva,Frapa03
Fragilaria pectinalis,Frape01
Fragilaria pennsylvanica,Frape02
Fragilaria perdelicatissima,Frape03
Fragilaria perminuta,Frape04
Fragilaria pinnata,Frapi01
Fragilaria polonica,Frapo01
Fragilaria pseudoconstruens,Fraps01
Fragilaria pulchella,Frapu01
Fragilaria radians,Frara01
Fragilaria recapitellata,Frare01
Fragilaria rinoi,Frari01
Fragilaria robusta,Fraro01
Fragilaria rumpens,Fraru01
Fragilaria sandellii,Frasa01
Fragilaria saxoplanctonica,Frasa02
Fragilaria subconstricta,Frasu01
Fragilaria sublineata,Frasu02
Fragilaria tenera,Frate01
Fragilaria tenuissima,Frate02
Fragilaria tenuistriata,Frate03
Fragilaria uliginosa,Fraul01
Fragilaria ulna,Fraul02
Fragilaria ungeriana,Fraun01
Fragilaria venter,Frave01
Fragilaria virescens,Fravi01
Fragilariforma constricta,Fraco02
Fragilariforma nitzschioides,Frani01
Fragilariforma virescens,Fravi02
Fragilariopsis pseudonana,Fraps02
Fragilariopsis truncata,Fratr01
Frankophila similioides,Frasi01
Frustulia adnata,Fruad01
Frustulia amosseana,Fruam01
Frustulia appendiculata,Fruap01
Frustulia australis,Fruau01
Frustulia copulata,Fruco01
Frustulia crassiundosa,Frucr01
Frustulia cuspidata,Frucu01
Frustulia dispersata,Frudi01
Frustulia erifuga,Fruer01
Frustulia krammeri,Frukr01
Frustulia linkei,Fruli01
Frustulia marginata,Fruma01
Frustulia neocaledonica,Frune01
Frustulia neomundana,Frune02
Frustulia pararhomboides,Frupa01
Frustulia pumilio,Frupu01
Frustulia quadrisinuata,Fruqu01
Frustulia regula,Frure01
Frustulia rhomboides,Frurh01
Frustulia saxonica,Frusa01
Frustulia serians,Fruse01
Frustulia spicula,Frusp01
Frustulia vermicularis,Fruve01
Frustulia vitrea,Fruvi01
Frustulia vulgaris,Fruvu01
Frustulia weinholdii,Fruwe01
Geissleria acceptata,Geiac01
Geissleria gereckei,Geige01
Geissleria hinziae,Geihi01
Geissleria tagensis,Geita01
Germainiella enigmatica,Geren01
Gloeonema triangulum,Glotr01
Gomphoneis calcifuga,Gomca01
Gomphoneis eriense,Gomer01
Gomphoneis eriensis,Gomer02
Gomphoneis inconspicua,Gomin01
Gomphoneis minuta,Gommi01
Gomphoneis oblonga,Gomob01
Gomphoneis ohridana,Gomoh01
Gomphoneis olivaceolacua,Gomol01
Gomphoneis transsylvanica,Gomtr01
Gomphoneis variostigmata,Gomva01
Gomphonella olivacea,Gomol02
Gomphonema acidoclinatiforme,Gomac01
Gomphonema acidoclinatum,Gomac02
Gomphonema acuminatum,Gomac03
Gomphonema aequale,Gomae01
Gomphonema affine,Gomaf01
Gomphonema amoenum,Gomam01
Gomphonema anglicum,Goman01
Gomphonema angustatum,Goman02
Gomphonema angusticephalum,Goman03
Gomphonema angustius,Goman04
Gomphonema angustivalva,Goman05
Gomphonema angustum,Goman06
Gomphonema augur,Gomau01
Gomphonema auritum,Gomau02
Gomphonema bavaricum,Gomba01
Gomphonema bohemicum,Gombo01
Gomphonema bourbonense,Gombo02
Gomphonema bozenae,Gombo03
Gomphonema brasiliense,Gombr01
Gomphonema brebissonii,Gombr02
Gomphonema calcifugum,Gomca02
Gomphonema campodunense,Gomca03
Gomphonema capitatum,Gomca04
Gomphonema carolinense,Gomca05
Gomphonema clavatulum,Gomcl01
Gomphonema clavatum,Gomcl02
Gomphonema clevei,Gomcl03
Gomphonema commutatum,Gomco01
Gomphonema compactum,Gomco02
Gomphonema contraturris,Gomco03
Gomphonema coronatum,Gomco04
Gomphonema corsicum,Gomco05
Gomphonema cumrhis,Gomcu01
Gomphonema cuneolus,Gomcu02
Gomphonema curtum,Gomcu03
Gomphonema cymbelliclinum,Gomcy01
Gomphonema daphnoides,Gomda01
Gomphonema delicatula,Gomde01
Gomphonema designatum,Gomde02
Gomphonema dichotomum,Gomdi01
Gomphonema drutelingense,Gomdr01
Gomphonema elegantissimum,Gomel01
Gomphonema entolejum,Gomen01
Gomphonema exilissimum,Gomex01
Gomphonema extentum,Gomex02
Gomphonema frickei,Gomfr01
Gomphonema gracile,Gomgr01
Gomphonema graciledictum,Gomgr02
Gomphonema grovei,Gomgr03
Gomphonema grunowii,Gomgr04
Gomphonema hasta,Gomha01
Gomphonema hebridense,Gomhe01
Gomphonema holmquistii,Gomho01
Gomphonema incognitum,Gomin02
Gomphonema innocens,Gomin03
Gomphonema insigne,Gomin04
Gomphonema insigniforme,Gomin05
Gomphonema intricatum,Gomin06
Gomphonema italicum,Gomit01
Gomphonema jadwigiae,Gomja01
Gomphonema jergackianum,Gomje01
Gomphonema kobayasii,Gomko01
Gomphonema lacunicola,Gomla01
Gomphonema lagenula,Gomla02
Gomphonema lagerheimii,Gomla03
Gomphonema lanceolatum,Gomla04
Gomphonema lateripunctatum,Gomla05
Gomphonema laticollum,Gomla06
Gomphonema linearoides,Gomli01
Gomphonema lingulatiforme,Gomli02
Gomphonema lingulatum,Gomli03
Gomphonema lippertii,Gomli04
Gomphonema longiceps,Gomlo01
Gomphonema longilineare,Gomlo02
Gomphonema manifestum,Gomma01
Gomphonema mexicanum,Gomme01
Gomphonema micropumilum,Gommi02
Gomphonema micropus,Gommi03
Gomphonema minusculum,Gommi04
Gomphonema minutum,Gommi05
Gomphonema naviculoides,Gomna01
Gomphonema occultum,Gomoc01
Gomphonema olivaceoides,Gomol03
Gomphonema olivaceum,Gomol04
Gomphonema opimum,Gomop01
Gomphonema pala,Gompa01
Gomphonema paludosum,Gompa02
Gomphonema parallelistriatum,Gompa03
Gomphonema parapygmaeum,Gompa04
Gomphonema parvuliforme,Gompa05
Gomphonema parvulum,Gompa06
Gomphonema perolivaceolacuum,Gompe01
Gomphonema platypus,Gompl01
Gomphonema pratense,Gompr01
Gomphonema procerum,Gompr02
Gomphonema productum,Gompr03
Gomphonema pseudoaugur,Gomps01
Gomphonema pseudobohemicum,Gomps02
Gomphonema pseudotenellum,Gomps03
Gomphonema pulvillum,Gompu01
Gomphonema pumilum,Gompu02
Gomphonema pygmaeum,Gompy01
Gomphonema rhombicum,Gomrh01
Gomphonema rosenstockianum,Gomro01
Gomphonema sarcophagus,Gomsa01
Gomphonema sichuanensis,Gomsi01
Gomphonema sphaerophorum,Gomsp01
Gomphonema sphenovertex,Gomsp02
Gomphonema stauroneiforme,Gomst01
Gomphonema staurophorum,Gomst02
Gomphonema subangustatum,Gomsu01
Gomphonema subapicatum,Gomsu02
Gomphonema subclavatum,Gomsu03
Gomphonema subtile,Gomsu04
Gomphonema supertergestinum,Gomsu05
Gomphonema tackei,Gomta01
Gomphonema tenoccultum,Gomte01
Gomphonema tergestinum,Gomte02
Gomphonema truncatum,Gomtr02
Gomphonema tumidum,Gomtu01
Gomphonema turris,Gomtu02
Gomphonema uniserhombicum,Gomun01
Gomphonema utae,Gomut01
Gomphonema varioreduncum,Gomva02
Gomphonema variostigmatum,Gomva03
Gomphonema variostriatum,Gomva04
Gomphonema variscohercynicum,Gomva05
Gomphonema ventricosum,Gomve01
Gomphonema vibrio,Gomvi01
Gomphonema vidalii,Gomvi02
Gomphonema vitreum,Gomvi03
Gomphonema zellense,Gomze01
Gomphonemopsis obscura,Gomob02
Gomphonitzschia agma,Gomag01
Gomphosphenia fontinalis,Gomfo01
Gomphosphenia holmquistii,Gomho02
Gomphosphenia lingulatiformis,Gomli05
Gomphosphenia oahuensis,Gomoa01
Gomphosphenia tackei,Gomta02
Grammatophora marina,Grama01
Grammatophora serpentina,Grase01
Grunowia sinuata,Grusi01
Grunowia tabellaria,Gruta01
Gyrosigma acuminatum,Gyrac01
Gyrosigma attenuatum,Gyrat01
Gyrosigma limosum,Gyrli01
Gyrosigma obscurum,Gyrob01
Gyrosigma scalproides,Gyrsc01
Halamphora acutiuscula,Halac01
Halamphora aponina,Halap01
Halamphora bullatoides,Halbu01
Halamphora coffeaeformis,Halco01
Halamphora cymbifera,Halcy01
Halamphora holsatica,Halho01
Halamphora montana,Halmo01
Halamphora normanii,Halno01
Halamphora oligotraphenta,Halol01
Halamphora pertusa,Halpe01
Halamphora subtilis,Halsu01
Halamphora vardarensis,Halva01
Handmannia austriaca,Hanau01
Hannaea arcus,Hanar01
Hannaea recta,Hanre01
Hantzschia abundans,Hanab01
Hantzschia amphioxys,Hanam01
Hantzschia calcifuga,Hanca01
Hantzschia confusa,Hanco01
Hantzschia mongolica,Hanmo01
Hantzschia psammicola,Hanps01
Haslea duerrenbergiana,Hasdu01
Himantidium exiguum,Himex01
Himantidium faba,Himfa01
Himantidium minus,Himmi01
Himantidium soleirolii,Himso01
Himantidium veneris,Himve01
Hippodonta arkonensis,Hipar01
Hippodonta caotica,Hipca01
Hippodonta capitata,Hipca02
Hippodonta costulatiformis,Hipco01
Hippodonta coxiae,Hipco02
Hippodonta geocollegarum,Hipge01
Hippodonta luneburgensis,Hiplu01
Hippodonta neglecta,Hipne01
Hippodonta olofjarlmannii,Hipol01
Hippodonta pseudopinnularia,Hipps01
Hippodonta pumila,Hippu01
Hippodonta ruthnielseniae,Hipru01
Hippodonta subtilissima,Hipsu01
Homoeocladia bulnheimiana,Hombu01
Homoeocladia capitata,Homca01
Homoeocladia conferta,Homco01
Homoeocladia subcohaerens,Homsu01
Humidophila arcuatoides,Humar01
Humidophila brekkaensis,Humbr01
Humidophila contenta,Humco01
Humidophila gallica,Humga01
Humidophila perpusilla,Humpe01
Humidophila schmassmannii,Humsc01
Hydrosera triquetra,Hydtr01
Hydrosera whampoensis,Hydwh01
Hygropetra balfouriana,Hygba01
Karayevia amoena,Karam01
Karayevia clevei,Karcl01
Karayevia obtusa,Karob01
Karayevia ploenensis,Karpl01
Kobayasiella jaagii,Kobja01
Kobayasiella parasubtilissima,Kobpa01
Kobayasiella pseudostauron,Kobps01
Kobayasiella saxicola,Kobsa01
Kobayasiella subtilissima,Kobsu01
Kolbesia suchlandtii,Kolsu01
Kurtkrammeria aequalis,Kurae01
Lacustriella lacustris,Lacla01
Lemnicola exigua,Lemex01
Lemnicola hungarica,Lemhu01
Leptocylindrus minimus,Lepmi01
Lindavia austriaca,Linau01
Lindavia balatonis,Linba01
Lindavia bodanica,Linbo01
Lindavia comta,Linco01
Lindavia costata,Linco02
Lindavia costei,Linco03
Lindavia fottii,Linfo01
Lindavia praetermissa,Linpr01
Lindavia radiosa,Linra01
Lindavia tenuistriata,Linte01
Luticola acidoclinata,Lutac01
Luticola cocquytiae,Lutco01
Luticola frequentissima,Lutfr01
Luticola goeppertiana,Lutgo01
Luticola hlubikovae,Luthl01
Luticola incana,Lutin01
Luticola naviculoides,Lutna01
Luticola peguaniformis,Lutpe01
Luticola permuticoides,Lutpe02
Luticola pseudonivalis,Lutps01
Luticola rotunda,Lutro01
Luticola saprophila,Lutsa01
Luticola simplex,Lutsi01
Luticola sparsipunctata,Lutsp01
Luticola ventriconfusa,Lutve01
Mastogloia acutiuscula,Masac01
Mastogloia baltica,Masba01
Mastogloia elliptica,Masel01
Mastogloia exigua,Masex01
Mastogloia exilis,Masex02
Mastogloia inaequalis,Masin01
Mastogloia lacustris,Masla01
Mastogloia patens,Maspa01
Mastogloia smithii,Massm01
Mastogloia varians,Masva01
Mayamaea asellus,Mayas01
Mayamaea cahabaensis,Mayca01
Mayamaea cavernicola,Mayca02
Mayamaea ingenua,Mayin01
Melosira arenaria,Melar01
Melosira crenulata,Melcr01
Melosira dickiei,Meldi01
Melosira discigera,Meldi02
Melosira granulata,Melgr01
Melosira italica,Melit01
Melosira japonica,Melja01
Melosira longispina,Mello01
Melosira lyrata,Melly01
Melosira moniliformis,Melmo01
Melosira muzzanensis,Melmu01
Melosira nygaardii,Melny01
Melosira pfaffiana,Melpf01
Melosira pusilla,Melpu01
Melosira scalaris,Melsc01
Melosira sphaerica,Melsp01
Melosira tenella,Melte01
Melosira tenuissima,Melte02
Melosira varians,Melva01
Meridion circulare,Merci01
Meridion constrictum,Merco01
Mesodictyopsis media,Mesme01
Microcostatus krasskei,Mickr01
Microfissurata paludosa,Micpa01
Microneis gracillima,Micgr01
Microsiphona potamos,Micpo01
Minidiscus chilensis,Minch01
Monema prostratum,Monpr01
Muelleria gibbula,Muegi01
Muelleria splendidula,Muesp01
Nanofrustulum krumbeinii,Nankr01
Nanofrustulum sopotensis,Nanso01
Nanofrustulum trainori,Nantr01
Navicula abscondita,Navab01
Navicula absoluta,Navab02
Navicula abunda,Navab03
Navicula acceptata,Navac01
Navicula accommoda,Navac02
Navicula acutirostris,Navac03
Navicula adamata,Navad01
Navicula adnata,Navad02
Navicula aggerica,Navag01
Navicula agnita,Navag02
Navicula agrestis,Navag03
Navicula alaskana,Naval01
Navicula alineae,Naval02
Navicula amabilis,Navam01
Navicula ambigua,Navam02
Navicula americana,Navam03
Navicula ammophila,Navam04
Navicula amphiceropsis,Navam05
Navicula amphipleuroides,Navam06
Navicula amphisbaena,Navam07
Navicula anglica,Navan01
Navicula angusta,Navan02
Navicula angustata,Navan03
Navicula anopaia,Navan04
Navicula antonii,Navan05
Navicula antverpiensis,Navan06
Navicula applicita,Navap01
Navicula applicitoides,Navap02
Navicula aquaedurae,Navaq01
Navicula aquitanonipponica,Navaq02
Navicula arctotenelloides,Navar01
Navicula arcus,Navar02
Navicula arenaria,Navar03
Navicula arvensis,Navar04
Navicula associata,Navas01
Navicula atomoides,Navat01
Navicula atomus,Navat02
Navicula austrocollegarum,Navau01
Navicula bacillaris,Navba01
Navicula bacilloides,Navba02
Navicula bacillum,Navba03
Navicula biconstricta,Navbi01
Navicula bicontracta,Navbi02
Navicula bifrons,Navbi03
Navicula bjoernoeyaensis,Navbj01
Navicula bottnica,Navbo01
Navicula breitenbuchii,Navbr01
Navicula brekkaensis,Navbr02
Navicula brekkaensoides,Navbr03
Navicula bremensis,Navbr04
Navicula broetzii,Navbr05
Navicula bryophila,Navbr06
Navicula buderi,Navbu01
Navicula bulnheimii,Navbu02
Navicula cadoi,Navca01
Navicula caenosus,Navca02
Navicula calida,Navca03
Navicula cancellata,Navca04
Navicula canoris,Navca05
Navicula cantonatii,Navca06
Navicula capitatoradiata,Navca07
Navicula cari,Navca08
Navicula cariocincta,Navca09
Navicula catalanogermanica,Navca10
Navicula caterva,Navca11
Navicula centropunctata,Navce01
Navicula chiarae,Navch01
Navicula cincta,Navci01
Navicula citrus,Navci02
Navicula clarensiana,Navcl01
Navicula claytonii,Navcl02
Navicula clementioides,Navcl03
Navicula cluthensoides,Navcl04
Navicula cocconeiformis,Navco01
Navicula completa,Navco02
Navicula concentrica,Navco03
Navicula constans,Navco04
Navicula contenta,Navco05
Navicula costulata,Navco06
Navicula crassinervia,Navcr01
Navicula crassulexigua,Navcr02
Navicula creuzburgensis,Navcr03
Navicula crucifera,Navcr04
Navicula cryptocephala,Navcr05
Navicula cryptocephaloides,Navcr06
Navicula cryptofallax,Navcr07
Navicula cryptolyra,Navcr08
Navicula cryptotenella,Navcr09
Navicula cryptotenelloides,Navcr10
Navicula cummerowii,Navcu01
Navicula cuspidata,Navcu02
Navicula dealpina,Navde01
Navicula declivis,Navde02
Navicula decussis,Navde03
Navicula delognei,Navde04
Navicula densilineolata,Navde05
Navicula destricta,Navde06
Navicula detenta,Navde07
Navicula dicephala,Navdi01
Navicula didyma,Navdi02
Navicula difficillima,Navdi03
Navicula difficillimoides,Navdi04
Navicula digitoconvergens,Navdi05
Navicula digitoradiata,Navdi06
Navicula digitulus,Navdi07
Navicula disjuncta,Navdi08
Navicula disputans,Navdi09
Navicula dissociata,Navdi10
Navicula doehleri,Navdo01
Navicula egregia,Naveg01
Navicula eidrigiana,Navei01
Navicula elaphros,Navel01
Navicula elginensis,Navel02
Navicula elkab,Navel03
Navicula erifuga,Naver01
Navicula evanida,Navev01
Navicula excelsa,Navex01
Navicula exilis,Navex02
Navicula explicata,Navex03
Navicula faceta,Navfa01
Navicula fauta,Navfa02
Navicula festiva,Navfe01
Navicula flanatica,Navfl01
Navicula follis,Navfo01
Navicula fossalis,Navfo02
Navicula fossaloides,Navfo03
Navicula frequens,Navfr01
Navicula gastrum,Navga01
Navicula geitleri,Navge01
Navicula germainii,Navge02
Navicula germanopolonica,Navge03
Navicula gibba,Navgi01
Navicula glomus,Navgl01
Navicula gottlandica,Navgo01
Navicula gregaria,Navgr01
Navicula gregarioides,Navgr02
Navicula groschopfii,Navgr03
Navicula halophila,Navha01
Navicula halophilioides,Navha02
Navicula hambergi,Navha03
Navicula hamiltonii,Navha04
Navicula hanseatica,Navha05
Navicula harderi,Navha06
Navicula hassiaca,Navha07
Navicula hasta,Navha08
Navicula heimansii,Navhe01
Navicula heimansioides,Navhe02
Navicula heimii,Navhe03
Navicula helensis,Navhe04
Navicula hintzii,Navhi01
Navicula hofmanniae,Navho01
Navicula hungarica,Navhu01
Navicula hustedtii,Navhu02
Navicula ignorata,Navig01
Navicula ignota,Navig02
Navicula implana,Navim01
Navicula inaequalis,Navin01
Navicula incertata,Navin02
Navicula incisa,Navin03
Navicula indifferens,Navin04
Navicula ingenua,Navin05
Navicula insociabilis,Navin06
Navicula insolita,Navin07
Navicula insulsa,Navin08
Navicula interrupta,Navin09
Navicula intractata,Navin10
Navicula ireneae,Navir01
Navicula irmengardis,Navir02
Navicula jaernefeltii,Navja01
Navicula jakovljevici,Navja02
Navicula jamalinensis,Navja03
Navicula joubaudii,Navjo01
Navicula korzeniewskii,Navko01
Navicula kotschyi,Navko02
Navicula krammeriae,Navkr01
Navicula kuelbsii,Navku01
Navicula lacunolaciniata,Navla01
Navicula lacuum,Navla02
Navicula laevissima,Navla03
Navicula lanceolata,Navla04
Navicula lapidosa,Navla05
Navicula laterostrata,Navla06
Navicula latissima,Navla07
Navicula leistikowii,Navle01
Navicula lenzii,Navle02
Navicula lepida,Navle03
Navicula leptosoma,Navle04
Navicula leptostriata,Navle05
Navicula lesmonensis,Navle06
Navicula libonensis,Navli01
Navicula limata,Navli02
Navicula limosa,Navli03
Navicula longa,Navlo01
Navicula longicephala,Navlo02
Navicula longirostris,Navlo03
Navicula lucinensis,Navlu01
Navicula lundii,Navlu02
Navicula lundstroemii,Navlu03
Navicula maceria,Navma01
Navicula mannii,Navma02
Navicula margalithii,Navma03
Navicula margaritiana,Navma04
Navicula marina,Navma05
Navicula medioconvexa,Navme01
Navicula mediocostata,Navme02
Navicula mediocris,Navme03
Navicula menisculus,Navme04
Navicula meniscus,Navme05
Navicula metareichardtiana,Navme06
Navicula microcari,Navmi01
Navicula microcephala,Navmi02
Navicula microdigitoradiata,Navmi03
Navicula microrhombus,Navmi04
Navicula minima,Navmi05
Navicula minuscula,Navmi06
Navicula minusculoides,Navmi07
Navicula mitigata,Navmi08
Navicula mitis,Navmi09
Navicula mobiliensis,Navmo01
Navicula modica,Navmo02
Navicula moenofranconica,Navmo03
Navicula molaris,Navmo04
Navicula molestiformis,Navmo05
Navicula mollicula,Navmo06
Navicula monita,Navmo07
Navicula monoculata,Navmo08
Navicula moskalii,Navmo09
Navicula motschii,Navmo10
Navicula muraliformis,Navmu01
Navicula muralis,Navmu02
Navicula muraloides,Navmu03
Navicula musca,Navmu04
Navicula mutata,Navmu05
Navicula mutica,Navmu06
Navicula namibica,Navna01
Navicula neglecta,Navne01
Navicula neomundana,Navne02
Navicula nivalis,Navni01
Navicula normaloides,Navno01
Navicula notha,Navno02
Navicula novaesiberica,Navno03
Navicula nugalis,Navnu01
Navicula nyassensis,Navny01
Navicula obdurata,Navob01
Navicula obligata,Navob02
Navicula oblonga,Navob03
Navicula oblongella,Navob04
Navicula obsidialis,Navob05
Navicula obsoleta,Navob06
Navicula oculata,Navoc01
Navicula oligotraphenta,Navol01
Navicula opima,Navop01
Navicula opportuna,Navop02
Navicula oppugnata,Navop03
Navicula paludosa,Navpa01
Navicula paracari,Navpa02
Navicula parsura,Navpa03
Navicula parunculoides,Navpa04
Navicula pascuorum,Navpa05
Navicula pavillardii,Navpa06
Navicula pellucidula,Navpe01
Navicula peregrina,Navpe02
Navicula perlucida,Navpe03
Navicula perminuta,Navpe04
Navicula permitis,Navpe05
Navicula perpusilla,Navpe06
Navicula phyllepta,Navph01
Navicula phylleptosoma,Navph02
Navicula platalea,Navpl01
Navicula praeterita,Navpr01
Navicula protracta,Navpr02
Navicula protractoides,Navpr03
Navicula pseudacceptata,Navps01
Navicula pseudoarvensis,Navps02
Navicula pseudobacillum,Navps03
Navicula pseudobryophila,Navps04
Navicula pseudocryptocephala,Navps05
Navicula pseudolanceolata,Navps06
Navicula pseudomitis,Navps07
Navicula pseudoppugnata,Navps08
Navicula pseudopupula,Navps09
Navicula pseudoscutiformis,Navps10
Navicula pseudotenelloides,Navps11
Navicula pseudoventralis,Navps12
Navicula puella,Navpu01
Navicula pupula,Navpu02
Navicula pusilla,Navpu03
Navicula pusio,Navpu04
Navicula pygmaea,Navpy01
Navicula quasidisjuncta,Navqu01
Navicula radiosa,Navra01
Navicula radiosafallax,Navra02
Navicula radiosiola,Navra03
Navicula recognita,Navre01
Navicula recondita,Navre02
Navicula rectangulata,Navre03
Navicula reichardtiana,Navre04
Navicula reinhardtii,Navre05
Navicula resecta,Navre06
Navicula rhomboides,Navrh01
Navicula rhynchocephala,Navrh02
Navicula rhynchotella,Navrh03
Navicula ricardae,Navri01
Navicula riediana,Navri02
Navicula riparia,Navri03
Navicula rostellata,Navro01
Navicula rotunda,Navro02
Navicula ruttneri,Navru01
Navicula salinarum,Navsa01
Navicula salinicola,Navsa02
Navicula saprophila,Navsa03
Navicula satura,Navsa04
Navicula saxicola,Navsa05
Navicula saxophila,Navsa06
Navicula schadei,Navsc01
Navicula schmassmanni,Navsc02
Navicula schoenfeldii,Navsc03
Navicula schroeteri,Navsc04
Navicula scoliopleura,Navsc05
Navicula scopulorum,Navsc06
Navicula seibigiana,Navse01
Navicula semidecora,Navse02
Navicula seminoides,Navse03
Navicula seminuloides,Navse04
Navicula seminulum,Navse05
Navicula septentrionalis,Navse06
Navicula serica,Navse07
Navicula silvahercynia,Navsi01
Navicula similis,Navsi02
Navicula simula,Navsi03
Navicula simulata,Navsi04
Navicula slesvicensis,Navsl01
Navicula smithii,Navsm01
Navicula soehrensis,Navso01
Navicula specululum,Navsp01
Navicula splendicula,Navsp02
Navicula splendida,Navsp03
Navicula stankovici,Navst01
Navicula streckerae,Navst02
Navicula strenzkei,Navst03
Navicula striolata,Navst04
Navicula stroemii,Navst05
Navicula styriaca,Navst06
Navicula subadnata,Navsu01
Navicula subalpina,Navsu02
Navicula subatomoides,Navsu03
Navicula subbacillum,Navsu04
Navicula subcostulata,Navsu05
Navicula subdilucida,Navsu06
Navicula subhamulata,Navsu07
Navicula sublucidula,Navsu08
Navicula subminuscula,Navsu09
Navicula submolesta,Navsu10
Navicula submuralis,Navsu11
Navicula submuscicola,Navsu12
Navicula subplacentula,Navsu13
Navicula subrhynchocephala,Navsu14
Navicula subrotundata,Navsu15
Navicula subsalina,Navsu16
Navicula subseminulum,Navsu17
Navicula suchlandtii,Navsu18
Navicula sudetica,Navsu19
Navicula supergregaria,Navsu20
Navicula symmetrica,Navsy01
Navicula syvertsenii,Navsy02
Navicula tackei,Navta01
Navicula tantula,Navta02
Navicula tenelloides,Navte01
Navicula tenera,Navte02
Navicula tersa,Navte03
Navicula thuringiaca,Navth01
Navicula torneensis,Navto01
Navicula transitans,Navtr01
Navicula tridentula,Navtr02
Navicula trinodis,Navtr03
Navicula trinotata,Navtr04
Navicula trivialis,Navtr05
Navicula trophicatrix,Navtr06
Navicula tropica,Navtr07
Navicula turgida,Navtu01
Navicula tuscula,Navtu02
Navicula ultratenelloides,Navul01
Navicula umbonata,Navum01
Navicula umbra,Navum02
Navicula undula,Navun01
Navicula utermoehlii,Navut01
Navicula valdestriata,Navva01
Navicula valens,Navva02
Navicula vandamii,Navva03
Navicula vaneei,Navva04
Navicula variostriata,Navva05
Navicula vaucheriae,Navva06
Navicula vekhovii,Navve01
Navicula venerablis,Navve02
Navicula veneta,Navve03
Navicula ventralis,Navve04
Navicula ventraloconfusa,Navve05
Navicula ventraloides,Navve06
Navicula vilaplanii,Navvi01
Navicula viridula,Navvi02
Navicula viridulacalcis,Navvi03
Navicula vitabunda,Navvi04
Navicula wendlingii,Navwe01
Navicula wiesneri,Navwi01
Navicula wiktoriae,Navwi02
Navicula wildii,Navwi03
Navicula witkowskii,Navwi04
Navicula wygaschii,Navwy01
Navicula zachariasi,Navza01
Navicula zellensis,Navze01
Naviculadicta bremensiformis,Navbr07
Naviculadicta cosmopolitana,Navco07
Naviculadicta elorantana,Navel04
Naviculadicta jurafontinalis,Navju01
Naviculadicta multiconfusa,Navmu07
Naviculadicta raederiae,Navra04
Naviculadicta sassiana,Navsa07
Naviculadicta schaumburgii,Navsc07
Naviculadicta stauroneioides,Navst07
Naviculadicta vekhovii,Navve07
Navigeia decussoides,Navde08
Navigeia paludosa,Navpa07
Navigeia schoenfeldii,Navsc08
Navigiolum ricula,Navri04
Neidiomorpha binodeformis,Neibi01
Neidiomorpha binodis,Neibi02
Neidium affine,Neiaf01
Neidium alpinum,Neial01
Neidium ampliatum,Neiam01
Neidium apiculatum,Neiap01
Neidium binodeforme,Neibi03
Neidium bisulcatum,Neibi04
Neidium carterii,Neica01
Neidium constrictum,Neico01
Neidium cuneatiforme,Neicu01
Neidium densestriatum,Neide01
Neidium dubium,Neidu01
Neidium elongatum,Neiel01
Neidium hercynicum,Neihe01
Neidium hustedtii,Neihu01
Neidium infirmum,Neiin01
Neidium iridis,Neiir01
Neidium longiceps,Neilo01
Neidium perminutum,Neipe01
Neidium productum,Neipr01
Neidium pseudodensestriatum,Neips01
Neidium septentrionalis,Neise01
Neidium subampliatum,Neisu01
Neidium tenuissimum,Neite01
Neidium vernale,Neive01
Neofragilaria constricta,Neoco01
Nitzschia abbreviata,Nitab01
Nitzschia accedens,Nitac01
Nitzschia accommodata,Nitac02
Nitzschia acicularioides,Nitac03
Nitzschia acicularis,Nitac04
Nitzschia acidoclinata,Nitac05
Nitzschia actinastroides,Nitac06
Nitzschia adamata,Nitad01
Nitzschia aequorea,Nitae01
Nitzschia aerophila,Nitae02
Nitzschia agnewii,Nitag01
Nitzschia agnita,Nitag02
Nitzschia alicae,Nital01
Nitzschia alpina,Nital02
Nitzschia alpinobacillum,Nital03
Nitzschia amphibia,Nitam01
Nitzschia amphibioides,Nitam02
Nitzschia amphioxoides,Nitam03
Nitzschia amplectens,Nitam04
Nitzschia angustata,Nitan01
Nitzschia angustatula,Nitan02
Nitzschia archibaldii,Nitar01
Nitzschia arcuata,Nitar02
Nitzschia aurariae,Nitau01
Nitzschia austriaca,Nitau02
Nitzschia bacata,Nitba01
Nitzschia bacilliformis,Nitba02
Nitzschia bacillum,Nitba03
Nitzschia bavarica,Nitba04
Nitzschia bergii,Nitbe01
Nitzschia beyeri,Nitbe02
Nitzschia bifurcata,Nitbi01
Nitzschia bremensis,Nitbr01
Nitzschia brunoi,Nitbr02
Nitzschia bryophila,Nitbr03
Nitzschia calcicola,Nitca01
Nitzschia calica,Nitca02
Nitzschia capitellata,Nitca03
Nitzschia clausii,Nitcl01
Nitzschia coarctata,Nitco01
Nitzschia communis,Nitco02
Nitzschia commutata,Nitco03
Nitzschia commutatoides,Nitco04
Nitzschia compacta,Nitco05
Nitzschia congolensis,Nitco06
Nitzschia costei,Nitco07
Nitzschia curvilineata,Nitcu01
Nitzschia curvipunctata,Nitcu02
Nitzschia curvula,Nitcu03
Nitzschia dealpina,Nitde01
Nitzschia delauneyi,Nitde02
Nitzschia delognei,Nitde03
Nitzschia densuensis,Nitde04
Nitzschia denticula,Nitde05
Nitzschia desertorum,Nitde06
Nitzschia didyma,Nitdi01
Nitzschia diserta,Nitdi02
Nitzschia disputata,Nitdi03
Nitzschia dissipata,Nitdi04
Nitzschia distans,Nitdi05
Nitzschia diversa,Nitdi06
Nitzschia draveillensis,Nitdr01
Nitzschia dubia,Nitdu01
Nitzschia elegantula,Nitel01
Nitzschia epithemoides,Nitep01
Nitzschia etoshensis,Nitet01
Nitzschia eutinensis,Niteu01
Nitzschia fasciculata,Nitfa01
Nitzschia fibulafissa,Nitfi01
Nitzschia filiformis,Nitfi02
Nitzschia flexa,Nitfl01
Nitzschia flexoides,Nitfl02
Nitzschia fonticola,Nitfo01
Nitzschia fossalis,Nitfo02
Nitzschia frequens,Nitfr01
Nitzschia frustulum,Nitfr02
Nitzschia fruticosa,Nitfr03
Nitzschia fusiformis,Nitfu01
Nitzschia gessneri,Nitge01
Nitzschia gisela,Nitgi01
Nitzschia gotlandica,Nitgo01
Nitzschia graciliformis,Nitgr01
Nitzschia gracilis,Nitgr02
Nitzschia granulata,Nitgr03
Nitzschia hadriatica,Nitha01
Nitzschia hantzschiana,Nitha02
Nitzschia heufleriana,Nithe01
Nitzschia hoehnkii,Nitho01
Nitzschia homburgiensis,Nitho02
Nitzschia hungarica,Nithu01
Nitzschia incognita,Nitin01
Nitzschia inconspicua,Nitin02
Nitzschia ingenua,Nitin03
Nitzschia intermedia,Nitin04
Nitzschia invisitata,Nitin05
Nitzschia jucunda,Nitju01
Nitzschia labella,Nitla01
Nitzschia labuensis,Nitla02
Nitzschia lacuum,Nitla03
Nitzschia laevis,Nitla04
Nitzschia lanceola,Nitla05
Nitzschia lanceolata,Nitla06
Nitzschia latens,Nitla07
Nitzschia legleri,Nitle01
Nitzschia leistikowii,Nitle02
Nitzschia liebethruthii,Nitli01
Nitzschia ligowskii,Nitli02
Nitzschia linearis,Nitli03
Nitzschia littoralis,Nitli04
Nitzschia lorenziana,Nitlo01
Nitzschia macedonica,Nitma01
Nitzschia media,Nitme01
Nitzschia microcephala,Nitmi01
Nitzschia minuscula,Nitmi02
Nitzschia minuta,Nitmi03
Nitzschia minutula,Nitmi04
Nitzschia modesta,Nitmo01
Nitzschia monachorum,Nitmo02
Nitzschia nana,Nitna01
Nitzschia obtusa,Nitob01
Nitzschia ovalis,Nitov01
Nitzschia palea,Nitpa01
Nitzschia paleacea,Nitpa02
Nitzschia paleaeformis,Nitpa03
Nitzschia palustris,Nitpa04
Nitzschia panduriformis,Nitpa05
Nitzschia paradoxa,Nitpa06
Nitzschia pararostrata,Nitpa07
Nitzschia parvula,Nitpa08
Nitzschia parvuloides,Nitpa09
Nitzschia pellucida,Nitpe01
Nitzschia perindistincta,Nitpe02
Nitzschia perminuta,Nitpe03
Nitzschia perspicua,Nitpe04
Nitzschia pilum,Nitpi01
Nitzschia plioveterana,Nitpl01
Nitzschia pseudocommunis,Nitps01
Nitzschia pseudofonticola,Nitps02
Nitzschia pumila,Nitpu01
Nitzschia pura,Nitpu02
Nitzschia puriformis,Nitpu03
Nitzschia pusilla,Nitpu04
Nitzschia radicula,Nitra01
Nitzschia recta,Nitre01
Nitzschia rectiformis,Nitre02
Nitzschia rectirobusta,Nitre03
Nitzschia regula,Nitre04
Nitzschia rhombicolancettula,Nitrh01
Nitzschia rochensis,Nitro01
Nitzschia rosenstockii,Nitro02
Nitzschia rostellata,Nitro03
Nitzschia scalpelliformis,Nitsc01
Nitzschia semirobusta,Nitse01
Nitzschia sigma,Nitsi01
Nitzschia sigmoidea,Nitsi02
Nitzschia siliqua,Nitsi03
Nitzschia sociabilis,Nitso01
Nitzschia solgensis,Nitso02
Nitzschia solita,Nitso03
Nitzschia soratensis,Nitso04
Nitzschia spiculum,Nitsp01
Nitzschia stimulus,Nitst01
Nitzschia subacicularis,Nitsu01
Nitzschia subbacata,Nitsu02
Nitzschia subcapitellata,Nitsu03
Nitzschia subinflata,Nitsu04
Nitzschia sublinearis,Nitsu05
Nitzschia subrostratoides,Nitsu06
Nitzschia subtilis,Nitsu07
Nitzschia suchlandti,Nitsu08
Nitzschia supralitorea,Nitsu09
Nitzschia syrachii,Nitsy01
Nitzschia taylorii,Nitta01
Nitzschia tenuirostris,Nitte01
Nitzschia tenuis,Nitte02
Nitzschia thermalis,Nitth01
Nitzschia thermaloides,Nitth02
Nitzschia tropica,Nittr01
Nitzschia tryblionella,Nittr02
Nitzschia tubicola,Nittu01
Nitzschia valdecostata,Nitva01
Nitzschia valdestriata,Nitva02
Nitzschia vermicularis,Nitve01
Nitzschia vermicularoides,Nitve02
Nitzschia vitrea,Nitvi01
Nitzschia vixpalea,Nitvi02
Nitzschia wuellerstorffii,Nitwu01
Nitzschia zululandica,Nitzu01
Nupela carolina,Nupca01
Nupela deformis,Nupde01
Nupela elegantula,Nupel01
Nupela exotica,Nupex01
Nupela fennica,Nupfe01
Nupela imperfecta,Nupim01
Nupela impexiformis,Nupim02
Nupela lapidosa,Nupla01
Nupela matrioschka,Nupma01
Nupela neglecta,Nupne01
Nupela pallavicinii,Nuppa01
Nupela paludigena,Nuppa02
Nupela praecipua,Nuppr01
Nupela praecipuoides,Nuppr02
Nupela rumrichorum,Nupru01
Nupela scissura,Nupsc01
Nupela silvahercynia,Nupsi01
Nupela subrostrata,Nupsu01
Nupela tristis,Nuptr01
Nupela vyvermanii,Nupvy01
Nupela wellneri,Nupwe01
Odontella aurita,Odoau01
Odontidium hyemale,Odohy01
Odontidium mutabile,Odomu01
Odontidium neomaximum,Odone01
Odontidium speciosum,Odosp01
Opephora burchardtiae,Opebu01
Opephora martyi,Opema01
Opephora minuta,Opemi01
Opephora olsenii,Opeol01
Opephora pacifica,Opepa01
Orthosira roeseana,Ortro01
Pantocsekiella comensis,Panco01
Pantocsekiella costei,Panco02
Pantocsekiella delicatula,Pande01
Pantocsekiella ocellata,Panoc01
Pantocsekiella polymorpha,Panpo01
Pantocsekiella pseudocomensis,Panps01
Pantocsekiella rossii,Panro01
Pantocsekiella wuethrichiana,Panwu01
Paralia sulcata,Parsu01
Paraplaconeis minor,Parmi01
Parlibellus densepunctatus,Parde01
Parlibellus hendeyi,Parhe01
Parlibellus protractus,Parpr01
Parlibellus rhombicus,Parrh01
Pennate diatom,Pendi01
Periptera petiolata,Perpe01
Peronia fibula,Perfi01
Pinnularia acidophila,Pinac01
Pinnularia acrospheria,Pinac02
Pinnularia acuminata,Pinac03
Pinnularia acutobrebissonii,Pinac04
Pinnularia amabilis,Pinam01
Pinnularia anglica,Pinan01
Pinnularia angusta,Pinan02
Pinnularia angustivalva,Pinan03
Pinnularia appendiculata,Pinap01
Pinnularia biceps,Pinbi01
Pinnularia borealis,Pinbo01
Pinnularia brauniana,Pinbr01
Pinnularia brevistriata,Pinbr02
Pinnularia carminata,Pinca01
Pinnularia clevei,Pincl01
Pinnularia decrescens,Pinde01
Pinnularia divergens,Pindi01
Pinnularia divergentissima,Pindi02
Pinnularia dornii,Pindo01
Pinnularia dubitabilis,Pindu01
Pinnularia elginensis,Pinel01
Pinnularia elongatoides,Pinel02
Pinnularia exigua,Pinex01
Pinnularia falaiseana,Pinfa01
Pinnularia ferrophila,Pinfe01
Pinnularia frauenbergiana,Pinfr01
Pinnularia frequentis,Pinfr02
Pinnularia gibba,Pingi01
Pinnularia globiceps,Pingl01
Pinnularia gracillima,Pingr01
Pinnularia grunowii,Pingr02
Pinnularia inconstans,Pinin01
Pinnularia integra,Pinin02
Pinnularia interrupta,Pinin03
Pinnularia isselana,Pinis01
Pinnularia kneuckeri,Pinkn01
Pinnularia krammeri,Pinkr01
Pinnularia krookiformis,Pinkr02
Pinnularia kuetzingii,Pinku01
Pinnularia lata,Pinla01
Pinnularia latarea,Pinla02
Pinnularia legumen,Pinle01
Pinnularia lundii,Pinlu01
Pinnularia macilenta,Pinma01
Pinnularia maior,Pinma02
Pinnularia marchica,Pinma03
Pinnularia marginulata,Pinma04
Pinnularia martini,Pinma05
Pinnularia mesolepta,Pinme01
Pinnularia metzeltinii,Pinme02
Pinnularia microstauron,Pinmi01
Pinnularia moelleri,Pinmo01
Pinnularia montana,Pinmo02
Pinnularia montium,Pinmo03
Pinnularia muscicola,Pinmu01
Pinnularia nanomicrostauron,Pinna01
Pinnularia neomajor,Pinne01
Pinnularia nobilis,Pinno01
Pinnularia nodosa,Pinno02
Pinnularia obscura,Pinob01
Pinnularia ovalis,Pinov01
Pinnularia parallela,Pinpa01
Pinnularia parvulissima,Pinpa02
Pinnularia peragallii,Pinpe01
Pinnularia perinterrupta,Pinpe02
Pinnularia perirrorata,Pinpe03
Pinnularia perpusilla,Pinpe04
Pinnularia pertriundulata,Pinpe05
Pinnularia platycephala,Pinpl01
Pinnularia polyonca,Pinpo01
Pinnularia polyoncoides,Pinpo02
Pinnularia pseudogibba,Pinps01
Pinnularia rabenhorstii,Pinra01
Pinnularia reichardtii,Pinre01
Pinnularia rhenohassiaca,Pinrh01
Pinnularia rhombarea,Pinrh02
Pinnularia rhomboelliptica,Pinrh03
Pinnularia rumrichae,Pinru01
Pinnularia ruttneri,Pinru02
Pinnularia saprophila,Pinsa01
Pinnularia saprotolerans,Pinsa02
Pinnularia saxicola,Pinsa03
Pinnularia schoenfelderi,Pinsc01
Pinnularia schroederii,Pinsc02
Pinnularia schroeterae,Pinsc03
Pinnularia scotica,Pinsc04
Pinnularia silvatica,Pinsi01
Pinnularia similis,Pinsi02
Pinnularia simonsenii,Pinsi03
Pinnularia sinistra,Pinsi04
Pinnularia stidolphii,Pinst01
Pinnularia stomatophora,Pinst02
Pinnularia subaldenii,Pinsu01
Pinnularia subanglica,Pinsu02
Pinnularia subbrevistriata,Pinsu03
Pinnularia subcapitata,Pinsu04
Pinnularia subcommutata,Pinsu05
Pinnularia subfalaiseana,Pinsu06
Pinnularia subgibba,Pinsu07
Pinnularia subrabenhorstii,Pinsu08
Pinnularia subrupestris,Pinsu09
Pinnularia subundulata,Pinsu10
Pinnularia suchlandti,Pinsu11
Pinnularia tenuis,Pinte01
Pinnularia thermalis,Pinth01
Pinnularia transversa,Pintr01
Pinnularia viridiformis,Pinvi01
Pinnularia viridis,Pinvi02
Placoneis australis,Plaau01
Placoneis clementis,Placl01
Placoneis clementispronina,Placl02
Placoneis dicephala,Pladi01
Placoneis gastrum,Plaga01
Placoneis nanoclementis,Plana01
Placoneis paraelginensis,Plapa01
Placoneis parvapolonica,Plapa02
Placoneis perelginensis,Plape01
Placoneis placentula,Plapl01
Placoneis pseudanglica,Plaps01
Placoneis tsendeekhuui,Plats01
Plagiogramma atomus,Plaat01
Plagiogramma brockmanni,Plabr01
Plagiogramma sigmoideum,Plasi01
Plagiogramma vanheurckii,Plava01
Plagiogrammopsis mediaequatus,Plame01
Plagiotropis tayrecta,Plata01
Planothidium abbreviatum,Plaab01
Planothidium amphibium,Plaam01
Planothidium apiculatum,Plaap01
Planothidium bahlsii,Plaba01
Planothidium biporomum,Plabi01
Planothidium calcar,Placa01
Planothidium curtistriatum,Placu01
Planothidium dubium,Pladu01
Planothidium ellipticum,Plael01
Planothidium galaicum,Plaga02
Planothidium gallicum,Plaga03
Planothidium hauckianum,Plaha01
Planothidium haynaldii,Plaha02
Planothidium hinzianum,Plahi01
Planothidium incuriatum,Plain01
Planothidium lacustre,Plala01
Planothidium lanceolatum,Plala02
Planothidium marginostriatum,Plama01
Planothidium minusculum,Plami01
Planothidium minutissimum,Plami02
Planothidium oestrupii,Plaoe01
Planothidium peragallii,Plape02
Planothidium peragalloi,Plape03
Planothidium potapovae,Plapo01
Planothidium pumilum,Plapu01
Planothidium reichardtii,Plare01
Planothidium robustius,Plaro01
Planothidium robustum,Plaro02
Planothidium rostratoholarcticum,Plaro03
Planothidium rostratum,Plaro04
Planothidium rostrolanceolatum,Plaro05
Planothidium vanheurckii,Plava02
Planothidium victori,Plavi01
Planothidium werumianum,Plawe01
Platessa bavarica,Plaba02
Platessa kingstonii,Plaki01
Platessa lutheri,Plalu01
Platessa oblongella,Plaob01
Platessa saxonica,Plasa01
Platessa stewartii,Plast01
Pleurosigma angulatum,Plean01
Pleurosigma brebissonii,Plebr01
Pleurosigma delicatulum,Plede01
Pleurosigma kuetzingii,Pleku01
Pleurosigma nodiferum,Pleno01
Pleurosigma obtusatum,Pleob01
Pleurosigma salinarum,Plesa01
Pleurosigma sciotense,Plesc01
Pleurosigma spenceri,Plesp01
Pleurosigma wormleyi,Plewo01
Pleurosira laevis,Plela01
Pleurostauron prominulum,Plepr01
Porguenia peruviana,Porpe01
Praestephanos triporus,Pratr01
Prestauroneis protracta,Prepr01
Prestauroneis protractoides,Prepr02
Prestauroneis tumida,Pretu01
Protoraphis hustedtiana,Prohu01
Psammodictyon constrictum,Psaco01
Psammothidium abundans,Psaab01
Psammothidium acidoclinatum,Psaac01
Psammothidium altaicum,Psaal01
Psammothidium bioretii,Psabi01
Psammothidium bristolicum,Psabr01
Psammothidium buccolum,Psabu01
Psammothidium frigidum,Psafr01
Psammothidium helveticum,Psahe01
Psammothidium microscopicum,Psami01
Psammothidium oblongellum,Psaob01
Psammothidium punctulatum,Psapu01
Psammothidium sacculum,Psasa01
Psammothidium ventralis,Psave01
Pseudostaurosira (as,Pse(a01
Pseudostaurosira alvarezia,Pseal01
Pseudostaurosira binodis,Psebi01
Pseudostaurosira borealis,Psebo01
Pseudostaurosira brevistriata,Psebr01
Pseudostaurosira cataractarum,Pseca01
Pseudostaurosira clavatum,Psecl01
Pseudostaurosira medliniae,Pseme01
Pseudostaurosira opacolineata,Pseop01
Pseudostaurosira parasitica,Psepa01
Pseudostaurosira parasitoides,Psepa02
Pseudostaurosira polonica,Psepo01
Pseudostaurosira robusta,Psero01
Pseudostaurosira smithii,Psesm01
Pseudostaurosira sopotensis,Pseso01
Pseudostaurosira vulpina,Psevu01
Pseudostaurosiropsis connecticutensis,Pseco01
Pseudostaurosiropsis geocollegarum,Psege01
Pseudostriatella oceanica,Pseoc01
Pulchellophycus obsitus,Pulob01
Punctastriata discoidea,Pundi01
Punctastriata ovalis,Punov01
Puncticulata bodanica,Punbo01
Puncticulata glabriuscula,Pungl01
Puncticulata praetermissa,Punpr01
Puncticulata radiosa,Punra01
Pyxidicula compressa,Pyxco01
Reimeria fontinalis,Reifo01
Reimeria sinuata,Reisi01
Reimeria uniseriata,Reiun01
Rhaphoneis amphiceros,Rhaam01
Rhaphoneis minutissima,Rhami01
Rhaphoneis surirelloides,Rhasu01
Rhizosolenia praebarboi,Rhipr01
Rhoicosphenia abbreviata,Rhoab01
Rhoicosphenia tenuis,Rhote01
Rhoicosphenia vanheurcki,Rhova01
Rhopalodia brebissonii,Rhobr01
Rhopalodia gibba,Rhogi01
Rhopalodia gibberula,Rhogi02
Rossithidium anastasiae,Rosan01
Sceptroneis marina,Scema01
Sceptroneis mutabilis,Scemu01
Schizonema cruciger,Schcr01
Schizonema eximium,Schex01
Schizonema lacustre,Schla01
Schizostauron brasiliense,Schbr01
Sellaphora absoluta,Selab01
Sellaphora archibaldii,Selar01
Sellaphora arvensis,Selar02
Sellaphora atomoides,Selat01
Sellaphora auldreekie,Selau01
Sellaphora bacillaroides,Selba01
Sellaphora blackfordensis,Selbl01
Sellaphora bosniaca,Selbo01
Sellaphora capitata,Selca01
Sellaphora chistiakovae,Selch01
Sellaphora cosmopolitana,Selco01
Sellaphora crassulexigua,Selcr01
Sellaphora davoutiana,Selda01
Sellaphora difficillima,Seldi01
Sellaphora elorantana,Selel01
Sellaphora japonica,Selja01
Sellaphora labernardierei,Sella01
Sellaphora lanceolata,Sella02
Sellaphora mutatoides,Selmu01
Sellaphora nigri,Selni01
Sellaphora parapupula,Selpa01
Sellaphora pseudoarvensis,Selps01
Sellaphora pseudonana,Selps02
Sellaphora pseudoventralis,Selps03
Sellaphora pupula,Selpu01
Sellaphora raederae,Selra01
Sellaphora rectilinearis,Selre01
Sellaphora rhombelliptica,Selrh01
Sellaphora rhombica,Selrh02
Sellaphora rotunda,Selro01
Sellaphora ruttneri,Selru01
Sellaphora saprotolerans,Selsa01
Sellaphora saugerresii,Selsa02
Sellaphora schaumburgii,Selsc01
Sellaphora subpupula,Selsu01
Sellaphora subrotundata,Selsu02
Sellaphora tridentula,Seltr01
Sellaphora utermoehlii,Selut01
Sellaphora verecundiae,Selve01
Seminavis insignis,Semin01
Seminavis robusta,Semro01
Skabitschewskia oestrupii,Skaoe01
Skabitschewskia peragalli,Skape01
Skeletonema penicillus,Skepe01
Skeletonema subsalsum,Skesu01
Spirodiscina spiralis,Spisp01
Stauroforma inermis,Stain01
Stauroneis acidobionta,Staac01
Stauroneis acidoclinata,Staac02
Stauroneis acuta,Staac03
Stauroneis agrestis,Staag01
Stauroneis alpina,Staal01
Stauroneis amphicephala,Staam01
Stauroneis amphicephaloides,Staam02
Stauroneis anceps,Staan01
Stauroneis borgei,Stabo01
Stauroneis borrichii,Stabo02
Stauroneis branderi,Stabr01
Stauroneis cohnii,Staco01
Stauroneis crucicula,Stacr01
Stauroneis dubitabilis,Stadu01
Stauroneis exilis,Staex01
Stauroneis gracilior,Stagr01
Stauroneis gracilis,Stagr02
Stauroneis heufleriana,Stahe01
Stauroneis kriegeri,Stakr01
Stauroneis lapidicola,Stala01
Stauroneis laterostrata,Stala02
Stauroneis lauenburgiana,Stala03
Stauroneis legleri,Stale01
Stauroneis legumen,Stale02
Stauroneis leguminiformis,Stale03
Stauroneis leguminopsis,Stale04
Stauroneis marina,Stama01
Stauroneis nana,Stana01
Stauroneis neohyalina,Stane01
Stauroneis obtusa,Staob01
Stauroneis parathermicola,Stapa01
Stauroneis phoenicenteron,Staph01
Stauroneis plicata,Stapl01
Stauroneis producta,Stapr01
Stauroneis reichardtii,Stare01
Stauroneis reichelti,Stare02
Stauroneis rotundata,Staro01
Stauroneis sagitta,Stasa01
Stauroneis separanda,Stase01
Stauroneis silvahassiaca,Stasi01
Stauroneis smithii,Stasm01
Stauroneis spicula,Stasp01
Stauroneis stellae,Stast01
Stauroneis subgracilis,Stasu01
Stauroneis tenera,State01
Stauroneis thermicola,Stath01
Stauroneis undata,Staun01
Stauroneis ventricosa,Stave01
Stauroneis wislouchii,Stawi01
Stauronella indubitabilis,Stain02
Staurosira ambigua,Staam03
Staurosira berolinensis,Stabe01
Staurosira borealis,Stabo03
Staurosira construens,Staco02
Staurosira dimorpha,Stadi01
Staurosira dubia,Stadu02
Staurosira inflata,Stain03
Staurosira longwanensis,Stalo01
Staurosira oldenburgioides,Staol01
Staurosira pinnata,Stapi01
Staurosira pottiezii,Stapo01
Staurosira punctiformis,Stapu01
Staurosira sviridae,Stasv01
Staurosirella acutirostrata,Staac04
Staurosirella chavauxii,Stach01
Staurosirella krammeri,Stakr02
Staurosirella minuta,Stami01
Staurosirella mutabilis,Stamu01
Staurosirella neopinnata,Stane02
Staurosirella oldenburgioides,Staol02
Staurosirella ovata,Staov01
Staurosirella pinnata,Stapi02
Stenopterobia robusta,Stero01
Stephanodiscus alpinus,Steal01
Stephanodiscus bramaputrae,Stebr01
Stephanodiscus costatilimbus,Steco01
Stephanodiscus delicatus,Stede01
Stephanodiscus dubius,Stedu01
Stephanodiscus hantzschii,Steha01
Stephanodiscus invisitatus,Stein01
Stephanodiscus medius,Steme01
Stephanodiscus minutus,Stemi01
Stephanodiscus nagumoi,Stena01
Stephanodiscus neoastraea,Stene01
Stephanodiscus parvus,Stepa01
Stephanodiscus tenuis,Stete01
Stephanodiscus triporus,Stetr01
Stephanodiscus vestibulis,Steve01
Surirella aculeata,Surac01
Surirella alicula,Sural01
Surirella amphioxys,Suram01
Surirella angusta,Suran01
Surirella bifrons,Surbi01
Surirella birostrata,Surbi02
Surirella biseriata,Surbi03
Surirella bohemica,Surbo01
Surirella brebissonii,Surbr01
Surirella brightwellii,Surbr02
Surirella capronii,Surca01
Surirella chepurnovii,Surch01
Surirella crumena,Surcr01
Surirella delicatissima,Surde01
Surirella elegans,Surel01
Surirella helvetica,Surhe01
Surirella hibernica,Surhi01
Surirella lacrimula,Surla01
Surirella librile,Surli01
Surirella linearis,Surli02
Surirella marina,Surma01
Surirella minuta,Surmi01
Surirella navicularis,Surna01
Surirella oliffii,Surol01
Surirella ovalis,Surov01
Surirella patella,Surpa01
Surirella regula,Surre01
Surirella roba,Surro01
Surirella robusta,Surro02
Surirella stalagma,Surst01
Surirella striatula,Surst02
Surirella subsalsa,Sursu01
Surirella suecica,Sursu02
Surirella tenera,Surte01
Surirella terricola,Surte02
Surirella undulata,Surun01
Surirella venusta,Surve01
Surirella visurgis,Survi01
Synedra acula,Synac01
Synedra acus,Synac02
Synedra affinis,Synaf01
Synedra amphicephala,Synam01
Synedra amphirhynchus,Synam02
Synedra baculus,Synba01
Synedra berolinensis,Synbe01
Synedra biceps,Synbi01
Synedra bilunaris,Synbi02
Synedra capitata,Synca01
Synedra crotonensis,Syncr01
Synedra danica,Synda01
Synedra debilis,Synde01
Synedra delicatissima,Synde02
Synedra famelica,Synfa01
Synedra familiaris,Synfa02
Synedra flexuosa,Synfl01
Synedra lanceolata,Synla01
Synedra mazamaensis,Synma01
Synedra minutissima,Synmi01
Synedra monodi,Synmo01
Synedra montana,Synmo02
Synedra nana,Synna01
Synedra parva,Synpa01
Synedra planktonica,Synpl01
Synedra rumpens,Synru01
Synedra socia,Synso01
Synedra ulna,Synul01
Synedra vaucheriae,Synva01
Tabellaria fenestrata,Tabfe01
Tabellaria flocculosa,Tabfl01
Tabellaria ventricosa,Tabve01
Tabularia fasciculata,Tabfa01
Tabularia investiens,Tabin01
Tabularia tabulata,Tabta01
Tetracyclus glans,Tetgl01
Tetracyclus lacustris,Tetla01
Tetracyclus rupestris,Tetru01
Thalassionema nitzschioides,Thani01
Thalassiosira baltica,Thaba01
Thalassiosira brunii,Thabr01
Thalassiosira duostra,Thadu01
Thalassiosira gessneri,Thage01
Thalassiosira pseudonana,Thaps01
Thalassiosira visurgis,Thavi01
Trachyneis aspera,Traas01
Trachysphenia acuminata,Traac01
Trachysphenia australis,Traau01
Triceratium exiguum,Triex01
Triceratium rectangulare,Trire01
Tryblionella angustata,Tryan01
Tryblionella angustatula,Tryan02
Tryblionella apiculata,Tryap01
Tryblionella brunoi,Trybr01
Tryblionella calida,Tryca01
Tryblionella coarctata,Tryco01
Tryblionella constricta,Tryco02
Tryblionella debilis,Tryde01
Tryblionella gracilis,Trygr01
Tryblionella kuetzingii,Tryku01
Tryblionella levidensis,Tryle01
Tryblionella subsalina,Trysu01
Tryblionella victoriae,Tryvi01
Tschestnovia mirabilis,Tscmi01
Ulnaria grunowii,Ulngr01
Ulnaria ulna,Ulnul01
Vibrio tripunctatus,Vibtr01
Witkowskia anglophila,Witan01
Witkowskia hustedtii,Withu01
Witkowskia pseudoclementis,Witps01
Witkowskia subclementis,Witsu01
Witkowskia symmetrica,Witsy01
Zygoceros surirella,Zygsu01
